{
  "CNT_CHILDREN": 0.004076469237144106,
  "AMT_INCOME_TOTAL": 0.00464111636868773,
  "AMT_CREDIT": 0.05052824983449224,
  "AMT_ANNUITY": 0.02538292683672287,
  "AMT_GOODS_PRICE": 0.08708667179841574,
  "REGION_POPULATION_RELATIVE": 0.02908004554530593,
  "DAYS_REGISTRATION": 0.032392350758642385,
  "DAYS_ID_PUBLISH": 0.04309310967342215,
  "FLAG_EMP_PHONE": 0.0,
  "FLAG_WORK_PHONE": 0.0,
  "FLAG_CONT_MOBILE": 0.0,
  "FLAG_PHONE": 0.0,
  "FLAG_EMAIL": 0.0,
  "CNT_FAM_MEMBERS": 0.007007813325252266,
  "REGION_RATING_CLIENT": 0.027389110539881956,
  "REGION_RATING_CLIENT_W_CITY": 0.027868091843546255,
  "HOUR_APPR_PROCESS_START": 0.009380974298368436,
  "REG_REGION_NOT_LIVE_REGION": 0.0,
  "REG_REGION_NOT_WORK_REGION": 0.0,
  "LIVE_REGION_NOT_WORK_REGION": 0.0,
  "REG_CITY_NOT_LIVE_CITY": 0.0,
  "REG_CITY_NOT_WORK_CITY": 0.0,
  "LIVE_CITY_NOT_WORK_CITY": 0.0,
  "OBS_30_CNT_SOCIAL_CIRCLE": 0.0006756901749562004,
  "DEF_30_CNT_SOCIAL_CIRCLE": 0.0048883133836192865,
  "OBS_60_CNT_SOCIAL_CIRCLE": 0.0007186973484916475,
  "DEF_60_CNT_SOCIAL_CIRCLE": 0.0,
  "DAYS_LAST_PHONE_CHANGE": 0.05470770358544515,
  "FLAG_DOCUMENT_2": 0.0,
  "FLAG_DOCUMENT_3": 0.0,
  "FLAG_DOCUMENT_4": 0.0,
  "FLAG_DOCUMENT_5": 0.0,
  "FLAG_DOCUMENT_6": 0.0,
  "FLAG_DOCUMENT_8": 0.0,
  "FLAG_DOCUMENT_9": 0.0,
  "FLAG_DOCUMENT_11": 0.0,
  "FLAG_DOCUMENT_13": 0.0,
  "FLAG_DOCUMENT_14": 0.0,
  "FLAG_DOCUMENT_15": 0.0,
  "FLAG_DOCUMENT_16": 0.0,
  "FLAG_DOCUMENT_17": 0.0,
  "FLAG_DOCUMENT_18": 0.0,
  "FLAG_DOCUMENT_19": 0.0,
  "FLAG_DOCUMENT_20": 0.0,
  "FLAG_DOCUMENT_21": 0.0,
  "AGE_YEARS": 0.10965335797063946,
  "EMP_YEARS": 0.12451088491946413,
  "TOTAL_ENQUIRIES": 0.0016055990277162398,
  "BUREAU_RECORD_COUNT": 0.015911710472057066,
  "BUREAU_ACTIVE_COUNT": 0.04919732324736486,
  "BUREAU_CLOSED_COUNT": 0.03902902151570738,
  "BUREAU_BAD_SOLD_COUNT": 0.011276951399984525,
  "BUREAU_OLDEST_CREDIT": 0.0800786010346081,
  "BUREAU_RECENT_CREDIT": 0.07674176071281236,
  "BUREAU_AVG_CREDIT_AGE": 0.1244281445824533,
  "BUREAU_MAX_OVERDUE_DAYS": 0.011276951399984525,
  "BUREAU_MEAN_OVERDUE_DAYS": 0.011276951399984525,
  "BUREAU_SUM_OVERDUE_DAYS": 0.011276951399984525,
  "BUREAU_EARLIEST_ENDDATE": 0.06561391944162401,
  "BUREAU_LATEST_ENDDATE": 0.047412398795681265,
  "BUREAU_EARLIEST_CLOSED": 0.07185130828288037,
  "BUREAU_LATEST_CLOSED": 0.04187603654907096,
  "BUREAU_MAX_AMT_OVERDUE": 0.02797068970604199,
  "BUREAU_MEAN_AMT_OVERDUE": 0.029740382301547397,
  "BUREAU_SUM_AMT_OVERDUE": 0.028672345645777884,
  "BUREAU_TOTAL_PROLONGATIONS": 0.011276951399984525,
  "BUREAU_MAX_PROLONGATIONS": 0.011276951399984525,
  "BUREAU_TOTAL_CREDIT": 0.017540353865030757,
  "BUREAU_MAX_CREDIT": 0.019565613521382474,
  "BUREAU_MEAN_CREDIT": 0.01817347514140126,
  "BUREAU_TOTAL_DEBT": 0.045832312876157515,
  "BUREAU_MAX_DEBT": 0.04376033507900875,
  "BUREAU_MEAN_DEBT": 0.055505164405358146,
  "BUREAU_TOTAL_LIMIT": 0.011461009755146363,
  "BUREAU_MAX_LIMIT": 0.011523660695442006,
  "BUREAU_TOTAL_AMT_OVERDUE": 0.011276951399984525,
  "BUREAU_MAX_AMT_OVERDUE_NOW": 0.011276951399984525,
  "BUREAU_CREDIT_TYPE_COUNT": 0.01371362403539208,
  "BUREAU_LAST_UPDATE": 0.04645540837135132,
  "BUREAU_OLDEST_UPDATE": 0.06626804286214967,
  "BUREAU_TOTAL_ANNUITY": 0.013440810151216618,
  "BUREAU_MAX_ANNUITY": 0.01292623243628038,
  "BUREAU_MEAN_ANNUITY": 0.014041979344110023,
  "BUREAU_TYPE_CONSUMER_CREDIT": 0.019991566045667444,
  "BUREAU_TYPE_CREDIT_CARD": 0.02217739311490955,
  "BUREAU_TYPE_MICROLOAN": 0.011276951399984525,
  "BUREAU_TYPE_MORTGAGE": 0.011276951399984525,
  "BUREAU_TYPE_OTHER": 0.011276951399984525,
  "HAS_NO_CLOSED_CREDIT": 0.011276951399984525,
  "HAS_NO_ENDDATE": 0.011276951399984525,
  "LTV_RATIO": 0.06151089468413684,
  "ANNUITY_INCOME_RATIO": 0.002758839521385019,
  "DEBT_TO_ANNUITY": 0.1126767257874694,
  "TOTAL_DSR": 0.0017973549494533511,
  "BUREAU_DEBT_UTIL": 0.03584511007389693,
  "DEF_RATE_60": 0.0,
  "BUREAU_AVG_PROLONGATIONS": 0.0
}